,molecule_chembl_id,canonical_smiles,standard_value,active_status
0,CHEMBL194398,CCOC(=O)/C=C/[C@H](C[C@@H]1CCNC1=O)NC(=O)[C@@H](CC(=O)[C@@H](NC(=O)c1cc(C)on1)C(C)C)Cc1ccccc1,870000,inactive
1,CHEMBL393608,CCOC(=O)/C=C/[C@H](C[C@@H]1CCNC1=O)NC(=O)[C@H](CC(C)C)NC(=O)[C@@H](NC(=O)c1cc(C)on1)C(C)C,200000,inactive
2,CHEMBL238216,CCOC(=O)/C=C/[C@H](C[C@@H]1CCNC1=O)NC(=O)[C@H](Cc1ccccc1)NC(=O)[C@@H](NC(=O)c1cc(C)on1)C(C)C,300000,inactive
3,CHEMBL235873,CCOC(=O)/C=C/[C@H](C[C@@H]1CCNC1=O)NC(=O)[C@H](Cc1ccccc1)NC(=O)[C@@H](NC(=O)[C@H](CO)NC(=O)OC(C)(C)C)C(C)C,15000,inactive
4,CHEMBL397154,CCOC(=O)/C=C/[C@H](C[C@@H]1CCNC1=O)NC(=O)[C@H](CC(C)C)NC(=O)[C@@H](NC(=O)[C@H](CO)NC(=O)OC(C)(C)C)C(C)C,10000,inactive
5,CHEMBL238217,CCOC(=O)/C=C/[C@H](C[C@@H]1CCNC1=O)NC(=O)[C@H](CC=C(C)C)CC(=O)[C@@H](NC(=O)[C@H](CO)NC(=O)OC(C)(C)C)C(C)C,80000,inactive
6,CHEMBL196635,CCOC(=O)/C=C/[C@H](C[C@@H]1CCNC1=O)NC(=O)[C@H](CC=C(C)C)CC(=O)[C@@H](NC(=O)c1cc(C)on1)C(C)C,800000,inactive
7,CHEMBL492571,O=C(O)/C(O)=C/C(=O)c1cccc(NCc2ccccc2)c1,5400,intermediate
8,CHEMBL522710,O=C(O)/C(O)=C/C(=O)c1cccc(NCc2ccc(Cl)cc2)c1,11000,inactive
9,CHEMBL492771,O=C(O)/C(O)=C/C(=O)c1cccc(OCc2ccc(Cl)cc2)c1,13600,inactive
10,CHEMBL492771,O=C(O)/C(O)=C/C(=O)c1cccc(OCc2ccc(Cl)cc2)c1,24400,inactive
11,CHEMBL492772,O=C(O)/C(O)=C/C(=O)c1ccccc1OCc1ccc(Cl)cc1,28700,inactive
12,CHEMBL492768,O=C(O)/C(O)=C/C(=O)c1ccc(OCc2ccccc2)cc1,39900,inactive
13,CHEMBL492768,O=C(O)/C(O)=C/C(=O)c1ccc(OCc2ccccc2)cc1,41300,inactive
14,CHEMBL492769,O=C(O)/C(O)=C/C(=O)c1ccc(OCc2ccc(Cl)cc2)cc1,50000,inactive
15,CHEMBL492770,O=C(O)/C(O)=C/C(=O)c1cccc(OCc2ccccc2)c1,50000,inactive
16,CHEMBL499444,O=C(O)/C(O)=C/C(=O)c1ccccc1OCc1ccccc1,50000,inactive
17,CHEMBL492772,O=C(O)/C(O)=C/C(=O)c1ccccc1OCc1ccc(Cl)cc1,50000,inactive
18,CHEMBL492571,O=C(O)/C(O)=C/C(=O)c1cccc(NCc2ccccc2)c1,50000,inactive
19,CHEMBL522710,O=C(O)/C(O)=C/C(=O)c1cccc(NCc2ccc(Cl)cc2)c1,50000,inactive
20,CHEMBL492769,O=C(O)/C(O)=C/C(=O)c1ccc(OCc2ccc(Cl)cc2)cc1,50000,inactive
21,CHEMBL492770,O=C(O)/C(O)=C/C(=O)c1cccc(OCc2ccccc2)c1,50000,inactive
22,CHEMBL499444,O=C(O)/C(O)=C/C(=O)c1ccccc1OCc1ccccc1,50000,inactive
23,CHEMBL221366,O=C(Oc1cccnc1)c1cccs1,500,active
24,CHEMBL541163,CCN1/C(=C\C=C\c2sc3ccc(-c4nc5ccccc5s4)cc3[n+]2CC)Sc2ccc(-c3nc4ccccc4s3)cc21.[Cl-],2500,intermediate
25,CHEMBL540403,CCN1C(c2ccccc2)=C(c2ccccc2)S/C1=C/C=C/c1sc2c3ccccc3ccc2[n+]1CC.[Cl-],3800,intermediate
26,CHEMBL518593,C(\C1=C2Sc3ccccc3N2CC1)=C1/CC[n+]2c1sc1ccccc12,10500,inactive
27,CHEMBL478119,CCN1/C(=C\C=C\C2=C/C(=C/c3sc4ccccc4[n+]3CC)CC(C)C2)Sc2ccccc21,2000,intermediate
28,CHEMBL558828,CCC(=C\c1sc2cc(C)c(C)cc2[n+]1CC)/C=C1/Sc2cc(/C=C/c3ccccc3)ccc2N1CC.[Cl-],6600,intermediate
29,CHEMBL478987,CCN1/C(=C\C=c2/s/c(=C\c3sc4ccccc4[n+]3CC)n(CC)c2=O)Sc2ccccc21,10000,inactive
30,CHEMBL479172,CCC(=C\c1sc2c3ccccc3ccc2[n+]1CC)/C=C1/Sc2cc(C)c(C)cc2N1CC,5400,intermediate
31,CHEMBL515787,CCN1/C(=C\C(=C/c2sc3ccccc3[n+]2CCCS(=O)(=O)[O-])OC)Sc2ccc(OC)cc21,7300,intermediate
32,CHEMBL549646,O=c1cc(CNCc2ccc(Cl)cc2)oc2ccc(O)c(O)c12,50000,inactive
33,CHEMBL549646,O=c1cc(CNCc2ccc(Cl)cc2)oc2ccc(O)c(O)c12,50000,inactive
34,CHEMBL560136,O=c1cc(CNCc2cccc(Cl)c2)oc2ccc(O)c(O)c12,50000,inactive
35,CHEMBL560136,O=c1cc(CNCc2cccc(Cl)c2)oc2ccc(O)c(O)c12,50000,inactive
36,CHEMBL560392,N#Cc1cccc(CNCc2cc(=O)c3c(O)c(O)ccc3o2)c1,50000,inactive
37,CHEMBL560392,N#Cc1cccc(CNCc2cc(=O)c3c(O)c(O)ccc3o2)c1,50000,inactive
38,CHEMBL50,O=c1c(O)c(-c2ccc(O)c(O)c2)oc2cc(O)cc(O)c12,50000,inactive
39,CHEMBL50,O=c1c(O)c(-c2ccc(O)c(O)c2)oc2cc(O)cc(O)c12,8100,intermediate
40,CHEMBL556501,O=c1c(O)c(-c2ccc3c(c2)OCO3)oc2cc(O)cc(O)c12,50000,inactive
41,CHEMBL556501,O=c1c(O)c(-c2ccc3c(c2)OCO3)oc2cc(O)cc(O)c12,50000,inactive
42,CHEMBL550256,O=c1c(O)c(-c2ccc(O)c(O)c2)oc2cc(OCc3ccc(Cl)cc3)cc(O)c12,20900,inactive
43,CHEMBL550256,O=c1c(O)c(-c2ccc(O)c(O)c2)oc2cc(OCc3ccc(Cl)cc3)cc(O)c12,4100,intermediate
44,CHEMBL551130,O=c1c(O)c(-c2ccc(O)c(O)c2)oc2cc(OCc3cccc(Cl)c3)cc(O)c12,50000,inactive
45,CHEMBL551130,O=c1c(O)c(-c2ccc(O)c(O)c2)oc2cc(OCc3cccc(Cl)c3)cc(O)c12,5200,intermediate
46,CHEMBL551131,N#Cc1cccc(COc2cc(O)c3c(=O)c(O)c(-c4ccc(O)c(O)c4)oc3c2)c1,25400,inactive
47,CHEMBL551131,N#Cc1cccc(COc2cc(O)c3c(=O)c(O)c(-c4ccc(O)c(O)c4)oc3c2)c1,2700,intermediate
48,CHEMBL551334,O=c1c(O)c(-c2ccc3c(c2)OCO3)oc2cc(OCc3ccc(Cl)cc3)cc(O)c12,50000,inactive
49,CHEMBL551334,O=c1c(O)c(-c2ccc3c(c2)OCO3)oc2cc(OCc3ccc(Cl)cc3)cc(O)c12,9300,intermediate
50,CHEMBL560933,O=c1c(O)c(-c2ccc3c(c2)OCO3)oc2cc(OCc3cccc(Cl)c3)cc(O)c12,50000,inactive
51,CHEMBL560933,O=c1c(O)c(-c2ccc3c(c2)OCO3)oc2cc(OCc3cccc(Cl)c3)cc(O)c12,15400,inactive
52,CHEMBL551529,N#Cc1cccc(COc2cc(O)c3c(=O)c(O)c(-c4ccc5c(c4)OCO5)oc3c2)c1,42900,inactive
53,CHEMBL551529,N#Cc1cccc(COc2cc(O)c3c(=O)c(O)c(-c4ccc5c(c4)OCO5)oc3c2)c1,8100,intermediate
54,CHEMBL1448,O=C(Nc1ccc([N+](=O)[O-])cc1Cl)c1cc(Cl)ccc1O,40000,inactive
55,CHEMBL301982,CC1=C(O)C(=O)C=C2C1=CC=C1[C@@]3(C)CC[C@@]4(C)CC[C@@](C)(C(=O)O)C[C@H]4[C@]3(C)CC[C@@]21C,10300,inactive
56,CHEMBL54804,COC(=O)[C@]1(C)CC[C@]2(C)CC[C@]3(C)C4=CC=C5C(=CC(=O)C(O)=C5C)[C@]4(C)CC[C@@]3(C)[C@@H]2C1,5500,intermediate
57,CHEMBL432519,CC1=C(O)C(=O)C=C2C1=CC=C1[C@@]3(C)CC[C@@]4(C)CC(=O)[C@H](C)C[C@H]4[C@]3(C)CC[C@@]21C,9900,intermediate
58,CHEMBL1092796,CC1=CC[C@]2(C)CC[C@]3(C)C4=CC=C5C(=CC(=O)C(O)=C5C)[C@]4(C)CC[C@@]3(C)[C@@H]2C1,2600,intermediate
59,CHEMBL1092797,Cc1c(O)c(O)cc2c1CC=C1[C@@]3(C)CC[C@@]4(C)CC[C@@](C)(C(=O)O)C[C@H]4[C@]3(C)CC[C@]12C,21700,inactive
60,CHEMBL116438,COc1cc(/C=C/C(=O)/C=C(O)/C=C/c2ccc(O)c(OC)c2)ccc1O,23500,inactive
61,CHEMBL1277944,O=C(O)c1ccc(/C=C2\C(=O)N(c3ccccc3)N=C2c2ccccc2)cc1,18000,inactive
62,CHEMBL1278125,O=C(O)c1ccc(/C=C2\C(=O)N(c3ccc(Cl)cc3)N=C2c2ccccc2)cc1,13900,inactive
63,CHEMBL1276871,COc1ccc(N2N=C(c3ccccc3)/C(=C/c3ccc(C(=O)O)cc3)C2=O)cc1,12000,inactive
64,CHEMBL1277046,N#Cc1ccc(N2N=C(c3ccccc3)/C(=C/c3ccc(C(=O)O)cc3)C2=O)cc1,5500,intermediate
65,CHEMBL1277047,O=C(O)c1ccc(/C=C2\C(=O)N(c3ccc(OC(F)(F)F)cc3)N=C2c2ccccc2)cc1,42000,inactive
66,CHEMBL1277135,O=C(O)c1ccc(/C=C2\C(=O)N(c3cccc(Cl)c3)N=C2c2ccccc2)cc1,10800,inactive
67,CHEMBL1277136,O=C(O)c1ccc(/C=C2\C(=O)N(c3ccc(Cl)c(Cl)c3)N=C2c2ccccc2)cc1,24300,inactive
68,CHEMBL1277227,O=C(O)c1ccc(/C=C2\C(=O)N(c3ccc(F)cc3)N=C2c2ccccc2)cc1,6800,intermediate
69,CHEMBL1277228,O=C(O)c1ccc(/C=C2\C(=O)N(c3cccc([N+](=O)[O-])c3)N=C2c2ccccc2)cc1,8400,intermediate
70,CHEMBL197310,CC(C)c1cc2c(cc1O)[C@@]1(C)CCC[C@@](C)(CO)[C@@H]1CC2,220800,inactive
71,CHEMBL1277661,CC(C)c1cc2c(cc1O)[C@@]1(C)CC[C@H](O)C(C)(C)[C@@H]1CC2,233400,inactive
72,CHEMBL197308,CC(C)c1cc2c(cc1O)[C@@]1(C)CCCC(C)(C)[C@@H]1CC2,49600,inactive
73,CHEMBL1277662,CC(C)c1cc2c(cc1O)[C@@]1(C)CCC[C@@](C)(C=O)[C@@H]1CC2,163200,inactive
74,CHEMBL1277754,CC(=O)Oc1cc2c(cc1C(C)C)CC[C@@H]1[C@]2(C)CCC[C@@]1(C)CO,128900,inactive
75,CHEMBL12798,COC(=O)[C@]1(C)CCC[C@]2(C)c3ccc(C(C)C)cc3CC[C@H]21,207000,inactive
76,CHEMBL512164,C=C[C@@]1(C)CC[C@H]2C(=CC[C@H]3[C@](C)(C(=O)O)CCC[C@]23C)C1,283500,inactive
77,CHEMBL1277840,C=C1CC[C@H]2[C@](C)(CO)CCC[C@]2(C)[C@H]1CC/C(C)=C\CO,137700,inactive
78,CHEMBL63354,O=c1cc(-c2ccc(O)c(-c3c(O)cc(O)c4c(=O)cc(-c5ccc(O)cc5)oc34)c2)oc2cc(O)cc(O)c12,8300,intermediate
79,CHEMBL378188,COc1ccc(-c2cc(=O)c3c(O)cc(O)cc3o2)cc1-c1c(O)cc(O)c2c(=O)cc(-c3ccc(O)cc3)oc12,72300,inactive
80,CHEMBL377324,COc1cc(O)c2c(=O)cc(-c3ccc(OC)c(-c4c(O)cc(O)c5c(=O)cc(-c6ccc(O)cc6)oc45)c3)oc2c1,32000,inactive
81,CHEMBL208908,COc1ccc(-c2cc(=O)c3c(O)cc(O)c(-c4cc(-c5cc(=O)c6c(O)cc(OC)cc6o5)ccc4OC)c3o2)cc1,38400,inactive
82,CHEMBL28,O=c1cc(-c2ccc(O)cc2)oc2cc(O)cc(O)c12,280800,inactive
83,CHEMBL151,O=c1cc(-c2ccc(O)c(O)c2)oc2cc(O)cc(O)c12,20000,inactive
84,CHEMBL50,O=c1c(O)c(-c2ccc(O)c(O)c2)oc2cc(O)cc(O)c12,23800,inactive
85,CHEMBL71893,CC(C)C1=CC2=CC[C@H]3[C@](C)(C(=O)O)CCC[C@]3(C)[C@H]2CC1,189100,inactive
86,CHEMBL1774322,Nc1nc(CSc2nnc(-c3cccc4ccccc34)n2-c2ccccc2)cs1,58350,inactive
87,CHEMBL1774323,COc1cc(C2C(C(=O)c3ccc(OCC(C)C)cc3C)=C(O)C(=O)N2CCN(C)C)ccc1O,62790,inactive
88,CHEMBL1774324,Cc1nc(C)c(C(=O)C2=C(O)C(=O)N(CCCN3CCOCC3)C2c2cccc([N+](=O)[O-])c2)s1,101380,inactive
89,CHEMBL1774325,COc1cc(/C=N/NC(=O)/C(=C\c2ccccc2)NC(=O)c2ccccc2)cc(OC)c1O,77090,inactive
90,CHEMBL1774326,O=C(CSc1ncnc2c1sc1nc(N3CCOCC3)c3c(c12)CCCC3)NCc1ccco1,90720,inactive
91,CHEMBL1350514,Cc1ccc(C(=O)N/C(=C\c2ccc(-c3cccc([N+](=O)[O-])c3)o2)C(=O)NCCCN(C)C)cc1,38570,inactive
92,CHEMBL1315054,Cc1ccc(C(=O)N/C(=C\c2ccc(-c3ccccc3[N+](=O)[O-])o2)C(=O)NCCCN(C)C)cc1,41390,inactive
93,CHEMBL2316336,CC(C)C[C@H](NC(=O)[C@@H](NC(=O)[C@H](C)NC(=O)[C@H](CO)NC(=O)[C@@H](NC(=O)OCc1ccccc1)[C@@H](C)O)C(C)C)C(=O)N[C@H](C#N)CCC(N)=O,39000,inactive
94,CHEMBL2316337,CC(C)C[C@H](NC(=O)[C@@H](NC(=O)[C@H](C)NC(=O)OCc1ccccc1)C(C)C)C(=O)N[C@H](C#N)CCC(N)=O,4600,intermediate
95,CHEMBL2316338,CC(C)C[C@H](NC(=O)[C@@H](NC(=O)[C@H](C)NC(=O)OC(C)(C)C)C(C)C)C(=O)N[C@H](C#N)CCC(N)=O,49000,inactive
96,CHEMBL2316339,Cc1cc(C(=O)N[C@@H](C)C(=O)N[C@H](C(=O)N[C@@H](CC(C)C)C(=O)N[C@H](C#N)CCC(N)=O)C(C)C)no1,49000,inactive
98,CHEMBL473159,Oc1cc(O)cc(O)c1,200000,inactive
99,CHEMBL459393,Oc1cc(O)c(Oc2cc(O)cc(O)c2Oc2cc(O)cc(O)c2-c2c(O)cc(O)cc2O)c(O)c1,177100,inactive
100,CHEMBL510508,Oc1cc(O)cc(Oc2c(O)cc(O)c3c2Oc2c(O)cc4oc5c(Oc6cc(O)cc(O)c6)c(O)cc(O)c5c4c2O3)c1,174600,inactive
101,CHEMBL2391422,Oc1cc(O)cc(Oc2c(O)cc(Oc3c(O)cc(O)cc3O)cc2O)c1,164700,inactive
102,CHEMBL559870,Oc1cc(O)c2oc3cc(O)c4oc5cc(O)cc(O)c5oc4c3oc2c1,158300,inactive
103,CHEMBL559870,Oc1cc(O)c2oc3cc(O)c4oc5cc(O)cc(O)c5oc4c3oc2c1,146500,inactive
104,CHEMBL40275,O=C1c2cccc(O)c2C(=O)c2c(O)cc(CO)cc21,132000,inactive
105,CHEMBL2391423,Oc1cc(O)cc(Oc2c(Oc3c(O)cc(O)cc3O)cc(O)c3c2Oc2c(O)cc(O)cc2O3)c1,112200,inactive
106,CHEMBL456228,Oc1cc(O)cc(Oc2c(O)cc(O)c3c2Oc2c(O)cc(Oc4c(O)cc(O)cc4O)cc2O3)c1,112000,inactive
107,CHEMBL8145,O=c1c(-c2ccc(O)cc2)coc2cc(O)ccc12,105000,inactive
108,CHEMBL508791,Oc1cc(O)cc(Oc2c(O)cc(O)c3c2Oc2c(O)cc(Oc4c(O)cc(Oc5c(O)cc(O)c6c5Oc5c(O)cc(O)cc5O6)cc4O)cc2O3)c1,68100,inactive
109,CHEMBL399121,COc1ccc([C@@H]2CC(=O)c3c(O)cc(O)cc3O2)cc1O,60000,inactive
110,CHEMBL456228,Oc1cc(O)cc(Oc2c(O)cc(O)c3c2Oc2c(O)cc(Oc4c(O)cc(O)cc4O)cc2O3)c1,42100,inactive
111,CHEMBL459393,Oc1cc(O)c(Oc2cc(O)cc(O)c2Oc2cc(O)cc(O)c2-c2c(O)cc(O)cc2O)c(O)c1,22500,inactive
112,CHEMBL510508,Oc1cc(O)cc(Oc2c(O)cc(O)c3c2Oc2c(O)cc4oc5c(Oc6cc(O)cc(O)c6)c(O)cc(O)c5c4c2O3)c1,16700,inactive
113,CHEMBL2391423,Oc1cc(O)cc(Oc2c(Oc3c(O)cc(O)cc3O)cc(O)c3c2Oc2c(O)cc(O)cc2O3)c1,13300,intermediate
114,CHEMBL471187,Oc1cc(O)cc(Oc2c(O)cc(O)c3c2Oc2c(O)cc(O)cc2O3)c1,8800,intermediate
115,CHEMBL399121,COc1ccc([C@@H]2CC(=O)c3c(O)cc(O)cc3O2)cc1O,8300,intermediate
116,CHEMBL508791,Oc1cc(O)cc(Oc2c(O)cc(O)c3c2Oc2c(O)cc(Oc4c(O)cc(Oc5c(O)cc(O)c6c5Oc5c(O)cc(O)cc5O6)cc4O)cc2O3)c1,2700,active
117,CHEMBL2441745,CC(C)C[C@H](NC(=O)[C@H](Cc1cccc2ccccc12)NC(=O)OCc1ccccc1)C(=O)N[C@@H](C[C@@H]1CCNC1=O)C(=O)C(=O)NC(C)C,610,active
118,CHEMBL2441741,CC(C)C[C@H](NC(=O)[C@H](Cc1cccc2ccccc12)NC(=O)OCc1ccccc1)C(=O)N[C@H](C=O)C[C@@H]1CCNC1=O,230,inactive
119,CHEMBL3099547,CN1C(=O)C(=O)c2cc(S(=O)(=O)N3CCN(CCc4ccccc4)CC3)ccc21,13860,inactive
120,CHEMBL3099546,CN1CCN(S(=O)(=O)c2ccc3c(c2)C(=O)C(=O)N3Cc2ccc3ccccc3c2)CC1,82910,inactive
121,CHEMBL3099545,CN1CCN(S(=O)(=O)c2ccc3c(c2)C(=O)C(=O)N3Cc2ccccc2)CC1,67200,inactive
122,CHEMBL3099544,CN1CCN(S(=O)(=O)c2ccc3c(c2)C(=O)C(=O)N3C)CC1,11830,intermediate
123,CHEMBL3099543,CC1CC(C)CN(S(=O)(=O)c2ccc3c(c2)C(=O)C(=O)N3)C1,4300,intermediate
124,CHEMBL3099542,CC1CCCCN1S(=O)(=O)c1ccc2c(c1)C(=O)C(=O)N2,2250,intermediate
125,CHEMBL3099541,CC1CCN(S(=O)(=O)c2ccc3c(c2)C(=O)C(=O)N3)CC1,1180,inactive
126,CHEMBL484273,O=C1Nc2ccc(S(=O)(=O)N3CCOCC3)cc2C1=O,12660,intermediate
127,CHEMBL61320,O=C1Nc2ccc(S(=O)(=O)N3CCCCC3)cc2C1=O,4450,inactive
128,CHEMBL3099540,O=C1Nc2ccc(S(=O)(=O)N3CCN(c4ccccn4)CC3)cc2C1=O,51330,inactive
129,CHEMBL3099539,O=C1Nc2ccc(S(=O)(=O)N3CCN(C(=O)c4ccco4)CC3)cc2C1=O,10070,inactive
130,CHEMBL3099538,O=C1Nc2ccc(S(=O)(=O)N3CCN(CCc4ccccc4)CC3)cc2C1=O,34910,inactive
131,CHEMBL3099537,COc1cc(CN2CCN(S(=O)(=O)c3ccc4c(c3)C(=O)C(=O)N4)CC2)cc(OC)c1OC,32080,inactive
132,CHEMBL3099536,O=C1Nc2ccc(S(=O)(=O)N3CCN(Cc4cccc(Cl)c4)CC3)cc2C1=O,31710,inactive
133,CHEMBL3099535,O=C1Nc2ccc(S(=O)(=O)N3CCN(c4cccc(C(F)(F)F)c4)CC3)cc2C1=O,100000,inactive
134,CHEMBL3099534,O=C1Nc2ccc(S(=O)(=O)N3CCN(c4ccc(F)cc4)CC3)cc2C1=O,100000,inactive
135,CHEMBL3099533,CN1CCN(S(=O)(=O)c2ccc3c(c2)C(=O)C(=O)N3)CC1,76740,intermediate
136,CHEMBL3099530,CC1CC(C)CN(S(=O)(=O)c2ccc3c(c2)C(=O)C(=O)N3Cc2ccccc2)C1,4700,intermediate
137,CHEMBL3099529,CC1CC(C)CN(S(=O)(=O)c2ccc3c(c2)C(=O)C(=O)N3C)C1,2820,inactive
138,CHEMBL3099528,CC1CCN(S(=O)(=O)c2ccc3c(c2)C(=O)C(=O)N3Cc2ccc3ccccc3c2)CC1,17820,intermediate
139,CHEMBL3099527,CC1CCN(S(=O)(=O)c2ccc3c(c2)C(=O)C(=O)N3Cc2ccccc2)CC1,1690,intermediate
140,CHEMBL3099526,CC1CCN(S(=O)(=O)c2ccc3c(c2)C(=O)C(=O)N3C)CC1,1040,inactive
141,CHEMBL3099525,O=C1C(=O)N(Cc2ccc3ccccc3c2)c2ccc(S(=O)(=O)N3CCOCC3)cc21,39870,inactive
142,CHEMBL3099524,O=C1C(=O)N(Cc2ccccc2)c2ccc(S(=O)(=O)N3CCOCC3)cc21,13860,intermediate
143,CHEMBL3099523,CN1C(=O)C(=O)c2cc(S(=O)(=O)N3CCOCC3)ccc21,9910,inactive
144,CHEMBL3099522,O=C1C(=O)N(Cc2ccccc2)c2ccc(S(=O)(=O)N3CCCCC3)cc21,14000,intermediate
145,CHEMBL3099521,CN1C(=O)C(=O)c2cc(S(=O)(=O)N3CCN(c4ccccn4)CC3)ccc21,5520,inactive
146,CHEMBL554041,CCCCC(CC)CNC(=N)NC(=N)NCCCCCCNC(=N)NC(=N)NCC(CC)CCCC.Cl.Cl,25100,inactive
147,CHEMBL1876821,CN(CC(=O)NC1CCCC1)S(=O)(=O)c1cccc(Cl)c1,200000,inactive
148,CHEMBL3105072,Nc1ccc(F)c(S(=O)(=O)Nc2cccc(C(F)(F)F)c2)c1,200000,inactive
149,CHEMBL3105071,COc1ccccc1CNC(=O)[C@H](C)NS(=O)(=O)c1ccccc1,200000,inactive
150,CHEMBL1392147,CCOc1ccc(S(=O)(=O)NCc2ccc3c(c2)OCO3)cc1C,200000,inactive
151,CHEMBL1732790,OCCCc1nc2ccccc2n1CCOc1ccccc1,200000,inactive
152,CHEMBL1488602,COCCOCCn1c(CCCO)nc2ccccc21,186000,inactive
153,CHEMBL1392147,CCOc1ccc(S(=O)(=O)NCc2ccc3c(c2)OCO3)cc1C,76700,inactive
154,CHEMBL1732790,OCCCc1nc2ccccc2n1CCOc1ccccc1,74500,inactive
155,CHEMBL1478361,COc1ccc(N(CC(=O)NCc2ccco2)S(C)(=O)=O)cc1,61900,inactive
156,CHEMBL1906723,COc1ccc(C(=O)Cn2c(NCCO)nc3ccccc32)cc1,40900,inactive
157,CHEMBL1487869,Cn1cnc2cc(NC(=O)c3ccc(Cl)cc3)ccc21,30900,inactive
158,CHEMBL3105071,COc1ccccc1CNC(=O)[C@H](C)NS(=O)(=O)c1ccccc1,29900,inactive
159,CHEMBL3105075,C(=C/c1ccccc1)\C[N+]1(C/C=C/c2ccccc2)CCN(C(c2ccccc2)c2ccccc2)CC1,29800,inactive
160,CHEMBL3105072,Nc1ccc(F)c(S(=O)(=O)Nc2cccc(C(F)(F)F)c2)c1,29800,inactive
161,CHEMBL1906723,COc1ccc(C(=O)Cn2c(NCCO)nc3ccccc32)cc1,28800,inactive
162,CHEMBL3105075,C(=C/c1ccccc1)\C[N+]1(C/C=C/c2ccccc2)CCN(C(c2ccccc2)c2ccccc2)CC1,28300,inactive
163,CHEMBL1487869,Cn1cnc2cc(NC(=O)c3ccc(Cl)cc3)ccc21,27600,inactive
164,CHEMBL1488602,COCCOCCn1c(CCCO)nc2ccccc21,25600,inactive
165,CHEMBL3105074,O=C(c1cncc(Br)c1)N1CCN(Cc2ccsc2)CC1,24500,inactive
166,CHEMBL554041,CCCCC(CC)CNC(=N)NC(=N)NCCCCCCNC(=N)NC(=N)NCC(CC)CCCC.Cl.Cl,24500,inactive
167,CHEMBL3105076,Nc1ncnc2[nH]c(C(F)(F)F)nc12,20400,inactive
168,CHEMBL1487869,Cn1cnc2cc(NC(=O)c3ccc(Cl)cc3)ccc21,18200,inactive
169,CHEMBL554041,CCCCC(CC)CNC(=N)NC(=N)NCCCCCCNC(=N)NC(=N)NCC(CC)CCCC.Cl.Cl,17800,inactive
170,CHEMBL1478361,COc1ccc(N(CC(=O)NCc2ccco2)S(C)(=O)=O)cc1,16100,inactive
171,CHEMBL3105076,Nc1ncnc2[nH]c(C(F)(F)F)nc12,13900,inactive
172,CHEMBL3105074,O=C(c1cncc(Br)c1)N1CCN(Cc2ccsc2)CC1,10800,intermediate
173,CHEMBL3105073,S=C(NCc1cccnc1)SCc1cc(Cl)sc1Cl,9200,intermediate
174,CHEMBL3105076,Nc1ncnc2[nH]c(C(F)(F)F)nc12,2200,active
175,CHEMBL1876821,CN(CC(=O)NC1CCCC1)S(=O)(=O)c1cccc(Cl)c1,940,active
176,CHEMBL3105073,S=C(NCc1cccnc1)SCc1cc(Cl)sc1Cl,160,inactive
177,CHEMBL3810366,CC1=NN(c2cccc(C(=O)O)c2)C(=O)/C1=C\c1ccc(-c2cc(Cl)ccc2C(=O)O)o1,50000,inactive
178,CHEMBL3810109,O=C(O)c1cccc(N2N=C(C(F)(F)F)/C(=C/c3ccc(-c4cc(Cl)ccc4C(=O)O)o3)C2=O)c1,50000,inactive
179,CHEMBL3808558,O=C(O)c1cccc(N2N=C(C(F)(F)F)/C(=C\c3ccc(-c4ccccc4C(=O)O)o3)C2=O)c1,50000,inactive
180,CHEMBL3808795,O=C(O)c1cccc(N2N=C(c3ccccc3)/C(=C/c3ccc(-c4cc(Cl)ccc4C(=O)O)o3)C2=O)c1,44700,inactive
181,CHEMBL3810010,CC1=NN(c2ccccc2)C(=O)/C1=C\c1ccc(-c2cc(Cl)ccc2C(=O)O)o1,50000,inactive
182,CHEMBL3810328,O=C(O)c1ccc(Cl)cc1-c1ccc(/C=C2\C(=O)N(c3ccccc3)N=C2c2ccccc2)o1,16400,inactive
183,CHEMBL3808658,O=C(O)c1ccc(Cl)cc1-c1ccc(/C=C2\C(=O)N(c3ccc(F)cc3)N=C2c2ccccc2)o1,20200,intermediate
184,CHEMBL3809329,CC(C)c1ccc(N2N=C(c3ccccc3)/C(=C/c3ccc(-c4cc(Cl)ccc4C(=O)O)o3)C2=O)cc1,6000,intermediate
185,CHEMBL3808427,CC(C)(C)c1ccc(N2N=C(c3ccccc3)/C(=C/c3ccc(-c4cc(Cl)ccc4C(=O)O)o3)C2=O)cc1,5800,inactive
186,CHEMBL3810058,O=C1/C(=C\c2ccc(-c3ccccc3)o2)C(c2ccccc2)=NN1c1ccccc1,50000,intermediate
187,CHEMBL3809861,O=C(O)c1cccc(N2N=C(c3ccccc3)/C(=C/c3ccc(-c4ccccc4)o3)C2=O)c1,6400,inactive
188,CHEMBL3809159,CC1=NN(c2cccc(C(=O)O)c2)C(=O)/C1=C\c1ccc(-c2ccccc2)o1,50000,inactive
189,CHEMBL3810361,O=C(O)c1ccccc1-c1ccc(/C=C2\C(=O)N(c3ccccc3)N=C2c2ccccc2)o1,41200,inactive
190,CHEMBL3810325,O=C(O)c1ccccc1-c1ccc(/C=C2\C(=O)N(c3ccc(F)cc3)N=C2c2ccccc2)o1,37500,inactive
191,CHEMBL3809506,CC(C)c1ccc(N2N=C(c3ccccc3)/C(=C/c3ccc(-c4ccccc4C(=O)O)o3)C2=O)cc1,11700,intermediate
192,CHEMBL3809579,CC(C)(C)c1ccc(N2N=C(c3ccccc3)/C(=C/c3ccc(-c4ccccc4C(=O)O)o3)C2=O)cc1,8600,inactive
193,CHEMBL3809498,N#Cc1ccc(N2N=C(c3ccccc3)/C(=C/c3ccc(-c4ccccc4C(=O)O)o3)C2=O)cc1,18700,inactive
194,CHEMBL3809059,COc1ccc(N2N=C(c3ccccc3)/C(=C/c3ccc(-c4ccccc4C(=O)O)o3)C2=O)cc1,30700,inactive
195,CHEMBL3809833,O=C(O)c1cccc(N2N=C(c3ccccc3)/C(=C/c3ccco3)C2=O)c1,50000,intermediate
196,CHEMBL3809053,O=C(O)c1cccc(N2N=C(c3ccccc3)/C(=C/c3ccc(-c4ccccc4)cc3)C2=O)c1,6700,inactive
197,CHEMBL3809926,O=C(O)c1cccc(N2N=C(c3ccccc3)/C(=C/c3ccc(OCc4ccccc4)cc3)C2=O)c1,15700,intermediate
198,CHEMBL3818593,CC(=O)N[C@@H](CCC(=O)O)C(=O)N[C@@H](CO)C(=O)N[C@H](C(=O)N[C@@H](CC(C)C)C(=O)N[C@@H](CCC(N)=O)C(=O)O)[C@@H](C)O,7500,inactive
199,CHEMBL3818400,CC(=O)N[C@@H](CC(=O)O)C(=O)N[C@@H](CO)C(=O)N[C@H](C(=O)N[C@@H](CC(C)C)C(=O)N[C@@H](CCC(N)=O)C(=O)O)[C@@H](C)O,10000,inactive
200,CHEMBL3818761,CC(=O)N[C@@H](Cc1cnc[nH]1)C(=O)N[C@@H](CO)C(=O)N[C@H](C(=O)N[C@@H](CC(C)C)C(=O)N[C@@H](CCC(N)=O)C(=O)O)[C@@H](C)O,50000,intermediate
201,CHEMBL3818000,CC(=O)N[C@@H](CC(N)=O)C(=O)N[C@@H](CO)C(=O)N[C@H](C(=O)N[C@@H](CO)C(=O)N[C@@H](CCC(N)=O)C(=O)O)[C@@H](C)O,7500,inactive
202,CHEMBL3818028,CC(=O)N[C@@H](CC(N)=O)C(=O)N[C@@H](CO)C(=O)N[C@H](C(=O)N[C@@H](CC(=O)O)C(=O)N[C@@H](CCC(N)=O)C(=O)O)[C@@H](C)O,20000,intermediate
203,CHEMBL4214066,CC(C)C[C@H](NC(=O)OC1CCN(C(=O)OC(C)(C)C)CC1)C(=O)N[C@H](C=O)C[C@@H]1CCNC1=O,2100,intermediate
204,CHEMBL4208240,CC(C)C[C@H](NC(=O)OC1CCN(C(=O)OC(C)(C)C)CC1)C(=O)N[C@@H](C[C@@H]1CCNC1=O)C(O)S(=O)(=O)[O-].[Na+],5100,inactive
205,CHEMBL4209146,CC(C)C[C@H](NC(=O)OC1CCN(S(C)(=O)=O)CC1)C(=O)N[C@H](C=O)C[C@@H]1CCNC1=O,28800,inactive
206,CHEMBL4213159,CC(C)C[C@H](NC(=O)OC1CCN(S(C)(=O)=O)CC1)C(=O)N[C@@H](C[C@@H]1CCNC1=O)C(O)S(=O)(=O)[O-].[Na+],42100,intermediate
207,CHEMBL4202812,CC(C)C[C@H](NC(=O)OC1(Cc2ccccc2)CCN(C(=O)OC(C)(C)C)CC1)C(=O)N[C@H](C=O)C[C@@H]1CCNC1=O,5200,intermediate
208,CHEMBL4203883,CC(C)C[C@H](NC(=O)OC1(Cc2ccccc2)CCN(C(=O)OC(C)(C)C)CC1)C(=O)N[C@@H](C[C@@H]1CCNC1=O)C(O)S(=O)(=O)[O-].[Na+],6300,intermediate
209,CHEMBL4214471,CC(C)C[C@H](NC(=O)OC1(Cc2ccccc2)CCN(S(C)(=O)=O)CC1)C(=O)N[C@H](C=O)C[C@@H]1CCNC1=O,3900,intermediate
210,CHEMBL4208764,CC(C)C[C@H](NC(=O)OC1(Cc2ccccc2)CCN(S(C)(=O)=O)CC1)C(=O)N[C@@H](C[C@@H]1CCNC1=O)C(O)S(=O)(=O)[O-].[Na+],4300,intermediate
211,CHEMBL4212620,CCC1(OC(=O)N[C@@H](CC(C)C)C(=O)N[C@H](C=O)C[C@@H]2CCNC2=O)CCN(C(=O)OC(C)(C)C)CC1,5500,intermediate
212,CHEMBL4216101,CCC1(OC(=O)N[C@@H](CC(C)C)C(=O)N[C@@H](C[C@@H]2CCNC2=O)C(O)S(=O)(=O)[O-])CCN(C(=O)OC(C)(C)C)CC1.[Na+],4100,intermediate
213,CHEMBL4217568,CCOC(=O)N1CCC(OC(=O)N[C@@H](CC(C)C)C(=O)N[C@H](C=O)C[C@@H]2CCNC2=O)CC1,3200,intermediate
214,CHEMBL4204431,CCOC(=O)N1CCC(OC(=O)N[C@@H](CC(C)C)C(=O)N[C@@H](C[C@@H]2CCNC2=O)C(O)S(=O)(=O)[O-])CC1.[Na+],8800,intermediate
